/contacts	/kontakty/	301
/photoalbums	/foto/	301
/about	/o-kompanii/	301
/comment	/otzyvy/	301
/cena	/tseny/	301
/products	/spetstekhnika/	301
/products/category/vishki	/spetstekhnika/arenda-avtovyshek/	301
/products/category/krani	/spetstekhnika/arenda-avtokranov/	301
/products/category/manipulator	/spetstekhnika/arenda-manipulyatorov/	301
/products/manioulyator-3	/spetstekhnika/arenda-manipulyatorov/arenda-manipulyatora-3-tonny-kuzov-5-tonn/	301
/products/manipulator-5	/spetstekhnika/arenda-manipulyatorov/arenda-manipulyatora-5-tonn-kuzov-7-tonn/	301
/products/manioulyator-6	/spetstekhnika/arenda-manipulyatorov/arenda-manipulyatora-5-tonn-kuzov-10-tonn/	301
/products/manioulyator-7	/spetstekhnika/arenda-manipulyatorov/arenda-manipulyatora-7-tonn-kuzov-10-tonn/	301
/products/manioulyator-vesd-7	/spetstekhnika/arenda-manipulyatorov/arenda-manipulyatora-7-tonn-kuzov-10-tonn-vezdekhod/	301
/products/manioulyator-8	/spetstekhnika/arenda-manipulyatorov/arenda-manipulyatora-7-tonn-kuzov-15-tonn/	301
/products/vishka-18	/spetstekhnika/arenda-avtovyshek/arenda-avtovyshki-18-metrov-200-kg/	301
/products/vishka-22	/spetstekhnika/arenda-avtovyshek/arenda-avtovyshki-24-metra-250-kg/	301
/products/vishka-28	/spetstekhnika/arenda-avtovyshek/arenda-avtovyshki-28-metrov-250-kg/	301
/products/vishka-32	/spetstekhnika/arenda-avtovyshek/arenda-avtovyshki-32-metra-300-kg/	301
/products/vishka-36	/spetstekhnika/arenda-avtovyshek/arenda-avtovyshki-36-metrov-300-kg/	301
/products/vishka-40	/spetstekhnika/arenda-avtovyshek/arenda-avtovyshki-40-metrov-300-kg/	301
/products/vishka-45	/spetstekhnika/arenda-avtovyshek/arenda-avtovyshki-45-metrov-300-kg/	301
/products/kran-16	/spetstekhnika/arenda-avtokranov/arenda-avtokrana-16-tonn/	301
/products/kran-25	/spetstekhnika/arenda-avtokranov/arenda-avtokrana-25-tonn/	301
/products/kran-25-vezdexod	/spetstekhnika/arenda-avtokranov/arenda-avtokrana-25-tonn-vezdekhod/	301
/products/kran-32	/spetstekhnika/arenda-avtokranov/arenda-avtokrana-32-tonny/	301
/products/kran-50	/spetstekhnika/arenda-avtokranov/arenda-avtokrana-50-tonn/	301
/products/kran-60	/spetstekhnika/arenda-avtokranov/arenda-avtokrana-60-tonn/	301
